Model,MAE,MSE,RMSE,R2
Linear Regression,221589.55626384338,182087532692.66565,426717.1577200355,0.4033248288065169
